question_id,type,required,text_en,options_en
age,single_select,no,What is your current age range?,"18 - 25
26 - 35
36 - 45
46 - 55
Over 55"
gender,single_select,no,What is your gender identity?,"Female
Male
Non-binary
Prefer not to say"
l1,open_text,yes,What is your native language or languages?,
cef_reading,multi_select,yes,Reading,"I can understand texts that consist mainly of high frequency everyday or job-related language. I can understand the description of events, feelings and wishes in personal letters.
I can read articles and reports concerned with contemporary problems in which the writers adopt particular attitudes or viewpoints. I can understand contemporary literary prose."
cef_speaking,multi_select,yes,Speaking,"I can deal with most situations likely to arise while travelling. I can enter unprepared into conversation on topics that are familiar, like personal interest or everyday life (e.g. family, hobbies, work, travel and current events).
I can interact with a degree of fluency and spontaneity that makes regular interaction with native speakers quite possible. I can take an active part in discussion in familiar contexts, accounting for and sustaining my views."
cef_writing,multi_select,yes,Writing,"I can write simple connected text on topics which are familiar or of personal interest. I can write personal letters describing experiences and impressions.
I can write clear, detailed text on a wide range of subjects related to my interests. I can write an essay or report, passing on information or giving reasons in support of or against a particular point of view. I can write letters highlighting the personal significance of events and experiences."
